{
  "model/models.js": 1707383369622,
  "Component.js": 1707383369618,
  "SharedBlocks/personal/PersonalBlockPart2.js": 1707384774147,
  "SharedBlocks/personal/PersonalBlockPart1.js": 1707384774147,
  "SharedBlocks/personal/BlockPhoneNumber.js": 1707384774147,
  "SharedBlocks/personal/BlockMailing.js": 1707384774147,
  "SharedBlocks/personal/BlockAdresses.js": 1707384774147,
  "SharedBlocks/goals/GoalsBlock.js": 1707384774147,
  "SharedBlocks/employment/BlockJobInfoPart3.js": 1707384774147,
  "SharedBlocks/employment/BlockJobInfoPart2.js": 1707384774147,
  "SharedBlocks/employment/BlockJobInfoPart1.js": 1707384774147,
  "SharedBlocks/employment/BlockEmpP.js": 1707384774147,
  "i18n/i18n.properties": 1707383387441,
  "model/constants.js": 1707386446657,
  "controller/Home.controller.js": 1707385100534,
  "controller/Details.controller.js": 1707389753514,
  "controller/App.controller.js": 1707383369622,
  "manifest.json": 1707391128651,
  "Component-preload.js": 1707391129937,
  "controller/App-dbg.controller.js": 1707383369622,
  "SharedBlocks/personal/PersonalBlockPart1-dbg.js": 1707384774147,
  "SharedBlocks/personal/BlockPhoneNumber-dbg.js": 1707384774147,
  "SharedBlocks/personal/BlockMailing-dbg.js": 1707384774147,
  "SharedBlocks/personal/BlockAdresses-dbg.js": 1707384774147,
  "SharedBlocks/goals/GoalsBlock-dbg.js": 1707384774147,
  "SharedBlocks/employment/BlockJobInfoPart3-dbg.js": 1707384774147,
  "SharedBlocks/employment/BlockJobInfoPart2-dbg.js": 1707384774147,
  "SharedBlocks/employment/BlockJobInfoPart1-dbg.js": 1707384774147,
  "SharedBlocks/employment/BlockEmpP-dbg.js": 1707384774147,
  "model/models-dbg.js": 1707383369622,
  "model/constants-dbg.js": 1707386446657,
  "controller/Home-dbg.controller.js": 1707385100534,
  "controller/Details-dbg.controller.js": 1707389753514,
  "SharedBlocks/personal/PersonalBlockPart2-dbg.js": 1707384774147,
  "Component-dbg.js": 1707383369618,
  "SharedBlocks/personal/PersonalBlockPart2.view.xml": 1707389811700,
  "SharedBlocks/personal/PersonalBlockPart1.view.xml": 1707389753502,
  "SharedBlocks/personal/BlockPhoneNumber.view.xml": 1707389378127,
  "SharedBlocks/personal/BlockMailing.view.xml": 1707389349088,
  "SharedBlocks/personal/BlockAdresses.view.xml": 1707389332272,
  "SharedBlocks/goals/GoalsBlock.view.xml": 1707389206687,
  "SharedBlocks/employment/BlockJobInfoPart3.view.xml": 1707389204067,
  "SharedBlocks/employment/BlockJobInfoPart2.view.xml": 1707388676781,
  "SharedBlocks/employment/BlockJobInfoPart1.view.xml": 1707388643830,
  "SharedBlocks/employment/BlockEmpP.view.xml": 1707388172657,
  "view/Home.view.xml": 1707385373392,
  "view/Details.view.xml": 1707387233849,
  "view/App.view.xml": 1707383369626,
  "css/style.css": 1707383369626,
  "index.html": 1707383369618
}