<mvc:View xmlns:mvc="sap.ui.core.mvc" xmlns:forms="sap.ui.layout.form" xmlns="sap.m">

	<forms:SimpleForm labelSpanL="4" labelSpanM="4" editable="false"
					  labelSpanS="4" emptySpanL="0" emptySpanM="0" emptySpanS="0"
					  maxContainerCols="2" layout="ResponsiveGridLayout" busy="{ReportInfoModel>/busy}"
					  busyIndicatorDelay="0" width="100%">

		<Label text="Job Division"/>
		<Text text="{ReportInfoModel>/Users/0/EmpJob/division}"/>

		<Text text=" "/>

		<Label text="Pay Grade"/>
		<Text text="{ReportInfoModel>/Users/0/EmpCompensation/payGrade}"/>

		<Text text=" "/>

		<Label text="Job title"/>
		<Text text="{ReportInfoModel>/Users/0/EmpJob/jobTitle}"/>

	</forms:SimpleForm>

</mvc:View>