<mvc:View xmlns:mvc="sap.ui.core.mvc" xmlns:forms="sap.ui.layout.form" xmlns="sap.m">


	<forms:SimpleForm labelSpanL="4" labelSpanM="4" editable="false"
					  labelSpanS="4" emptySpanL="0" emptySpanM="0" emptySpanS="0"
					  maxContainerCols="2"  content="{ReportInfoModel>/userjobinfo}" layout="ResponsiveGridLayout" width="100%">

		<Label text="Employee Class"/>
		<Text text="{ReportInfoModel>employeeClass}"/>

		<Text text=" "/>

		<Label text="FTE"/>
		<Text text="{ReportInfoModel>fte}"/>

		<Text text=" "/>

		<Label text="Standard Weekly Hours"/>
		<Label text="{ReportInfoModel>standardHours}"/>
	</forms:SimpleForm>


</mvc:View>